train_loss,val_loss,train_mae,val_mae,train_rmse,val_rmse,train_r2,val_r2,train_smape,val_smape,learning_rate
0.12485138815024803,0.05833220792313417,1552.911865234375,919.85302734375,1998.5445954493985,1343.358803521978,-1.5598151683807373,-0.14265203475952148,110.165596,67.592636,0.0001
0.10016880107337031,0.05538085801526904,1394.1920166015625,911.8403930664062,1783.5032239948432,1309.1194082282946,-1.0385844707489014,-0.08514678478240967,90.97911,66.803696,0.0001
0.08421124016930318,0.05270549717048804,1302.0810546875,1038.2335205078125,1637.9882478210886,1285.0617203076279,-0.7195011377334595,-0.04562962055206299,84.27619,70.926735,0.0001
0.0706344700322069,0.050587903087337814,1208.060302734375,1059.42431640625,1503.251392814921,1262.2185824967084,-0.4482520818710327,-0.00878608226776123,77.4815,71.65842,0.0001
0.07327530109162989,0.05302580251979331,1225.1375732421875,859.3333129882812,1530.0301467618212,1279.8797306778476,-0.5003095865249634,-0.037213683128356934,76.42219,64.21278,0.0001
0.05903276364351141,0.12257882518072923,1070.8424072265625,1611.104248046875,1373.6494276197257,1956.0241562925546,-0.2092963457107544,-1.4225811958312988,68.99332,196.67001,0.0001
0.05887119478449739,0.0404861643910408,1092.527099609375,804.8004760742188,1369.7401213368908,1121.1350275502055,-0.20242297649383545,0.20412331819534302,73.95181,84.43135,0.0001
0.04716402806084732,0.06383745023049414,962.672607421875,929.35693359375,1225.3973335208461,1404.7745370699172,0.03764611482620239,-0.249519944190979,66.36287,76.29815,0.0001
0.040274640095644985,0.03282167731473843,902.5936889648438,902.6394653320312,1133.4398418089952,1022.6076043624945,0.17666256427764893,0.33786284923553467,63.904488,67.522255,0.0001
0.036171467846323704,0.02903043998715778,855.7787475585938,652.5866088867188,1075.0441851384528,948.0535652061017,0.25931495428085327,0.43089067935943604,62.17755,50.081223,0.0001
0.034183911979198456,0.0905058728531003,821.8958740234375,1587.251953125,1044.056332292468,1704.5438539386425,0.30139970779418945,-0.8396968841552734,58.130383,87.61847,0.0001
0.028048911806324434,0.02437726284066836,738.6824951171875,705.73193359375,942.023553314884,877.0271874349164,0.4312722086906433,0.5129696130752563,59.191906,56.35218,0.0001
0.03229445308960717,0.026674076604346435,797.857666015625,838.6964111328125,1013.7085071656447,923.0684224368202,0.3414221405982971,0.46049219369888306,59.65764,61.876415,0.0001
0.03239169993020337,0.02708893921226263,799.4735717773438,812.1148071289062,1017.9287180348141,927.1448444013481,0.33592718839645386,0.4557165503501892,58.091778,63.227367,0.0001
0.03233912593588747,0.02827520916859309,777.6006469726562,861.9390869140625,1017.1544253455323,951.174175690236,0.33693718910217285,0.42713797092437744,56.647152,62.79686,0.0001
0.024550548594059616,0.029874120877745252,683.5782470703125,634.3270263671875,885.2273013187065,959.4378236759275,0.4977840185165405,0.4171409010887146,50.548214,67.80048,0.0001
0.025763849888382286,0.06598148805399735,697.2504272460938,1165.2508544921875,907.0419298466858,1440.545643150539,0.47272688150405884,-0.3139655590057373,53.092045,100.13244,0.0001
0.02429074164608429,0.013189395734419426,656.0275268554688,430.7074279785156,874.9936785485938,640.7134451141166,0.5093286037445068,0.7400692701339722,50.62913,33.796005,0.0001
0.021351334253518747,0.03503067403410872,646.1435546875,953.0450439453125,825.7122682872043,1060.6083749433624,0.5630433559417725,0.2877376079559326,49.16797,66.78874,0.0001
0.02069590804327665,0.02147053151081006,637.8355712890625,734.2431030273438,811.8839587650442,827.43349430634,0.5775562524795532,0.5664929747581482,48.10452,55.704765,0.0001
0.02139090907214017,0.016190567519515753,645.3720092773438,507.0135803222656,820.7038899627563,710.0137322615669,0.5683279633522034,0.6807996034622192,47.91063,42.898182,0.0001
0.021157114477507,0.02221427485346794,628.560546875,765.6707763671875,820.4275943067737,842.2007257774122,0.5686185359954834,0.5508812665939331,49.439693,58.47077,0.0001
0.022132241552502943,0.10630541543165843,648.4248046875,1609.6373291015625,839.5432165767287,1842.2749523347486,0.5482823848724365,-1.1490118503570557,49.812027,87.08984,0.0001
0.02112087466079613,0.01305691571906209,630.8873291015625,523.9055786132812,821.7101830937718,641.9778276934493,0.5672687292098999,0.7390424013137817,48.025234,40.517296,0.0001
0.020925307068331487,0.018593157874420285,612.2696533203125,530.403564453125,814.5168046148588,760.8067264423994,0.5748119950294495,0.6334960460662842,45.966553,42.749104,0.0001
0.021126827144802643,0.019005744252353907,642.8331298828125,493.28765869140625,820.9205579713545,770.7063724272688,0.5681000351905823,0.6238961219787598,47.95684,37.682953,0.0001
0.018513015118138545,0.014590165267388025,597.0153198242188,557.3175048828125,769.5690758469964,678.2570263181946,0.6204437613487244,0.7087147235870361,47.654484,46.08137,0.0001
0.019423092876015038,0.015656864270567894,603.9367065429688,545.677734375,787.759520729518,702.2164908345574,0.6022884249687195,0.6877719163894653,44.267548,42.502995,0.0001
0.017233891316272062,0.014101956505328417,568.1845703125,540.9467163085938,741.9404036039552,666.9672499456027,0.6472078561782837,0.7183310985565186,43.924072,44.218086,0.0001
0.01838425495501222,0.009772088456278047,570.8392944335938,411.3563232421875,765.3287692227439,554.5760204877236,0.624614953994751,0.8052613735198975,40.956055,32.647755,0.0001
0.016581694290427298,0.012787231088926395,555.7919311523438,461.5287780761719,727.5517593271286,632.0201984509672,0.6607587337493896,0.7470749616622925,40.60427,39.955116,0.0001
0.013172056911320522,0.013563052595903477,498.06805419921875,544.7077026367188,647.8491819088761,654.9664113525212,0.731014609336853,0.7283760905265808,39.62103,46.823414,0.0001
0.017662801779806614,0.013229392313708862,572.1412963867188,502.3003845214844,749.5936816035738,645.4251021613585,0.6398919820785522,0.7362322807312012,40.767334,42.909676,0.0001
0.01648542596476859,0.011690747768928608,550.0987548828125,424.6873779296875,725.3802020320103,603.6682915724496,0.6627808213233948,0.7692580223083496,39.980278,35.065006,0.0001
0.01825661530140145,0.013205480296164751,575.8035278320312,550.9441528320312,760.3982509185565,647.6253015826359,0.6294360756874084,0.7344309091567993,42.128735,46.257202,0.0001
0.01712132611408316,0.010172669775784016,559.2137451171875,439.9188232421875,736.6704656764787,566.016563361886,0.652201771736145,0.797143816947937,41.060036,36.735012,0.0001
0.014959807298949053,0.01640365505591035,531.5830078125,496.0533447265625,691.3220803286989,715.6035258786809,0.6937036514282227,0.6757538318634033,38.274166,41.735703,0.0001
0.016992981368996973,0.032788175041787326,550.47119140625,669.6083374023438,737.4274540590417,1009.4029175705805,0.6514865756034851,0.35485249757766724,41.426434,51.505764,0.0001
0.01573350942083474,0.02680399672438701,544.3150024414062,806.0323486328125,708.2243641671755,922.3142089331596,0.678543210029602,0.461373507976532,39.655582,58.674175,0.0001
0.01759799203739084,0.010294467365990082,568.6272583007812,445.3044738769531,750.1548590124576,568.4358473038096,0.6393526792526245,0.7954059839248657,41.16842,36.953392,0.0001
0.013764916742541667,0.011531572245682279,500.61102294921875,482.30279541015625,662.978530006817,602.9051801485869,0.7183045148849487,0.7698410153388977,36.200203,38.831738,5e-05
0.01632973147106582,0.011005378638704618,556.580810546875,469.02020263671875,720.6314722172492,588.6231020355895,0.6671816110610962,0.7806162238121033,41.19712,41.274216,5e-05
0.014732406506764478,0.011129173450171947,520.2090454101562,468.07244873046875,686.5936753277007,592.3996750505523,0.6978793144226074,0.7777920961380005,38.476025,40.478977,5e-05
0.015855569263984418,0.014586383942514658,536.9654541015625,556.3639526367188,711.1331406635469,680.8381782773348,0.6758972406387329,0.7064934968948364,38.850883,44.478825,5e-05
0.013871895984329027,0.01226122297036151,503.2452697753906,474.8543701171875,665.6197769748131,621.0850887760871,0.7160555720329285,0.755751371383667,37.29264,40.265812,5e-05
0.015231959232739333,0.009022743868020674,536.8599243164062,399.8904113769531,697.7478278361029,531.5929187357559,0.6879832744598389,0.8210678696632385,39.324978,35.55489,5e-05
0.013324626994415605,0.012510469648987055,496.4950256347656,509.56640625,652.1564469128554,629.9709814745438,0.7274259328842163,0.748712420463562,36.79194,42.169945,5e-05
0.01483398080193277,0.010949025784308711,505.7019348144531,460.0686950683594,687.1220324658495,587.2902019019217,0.6974141597747803,0.7816086411476135,34.939583,39.503586,5e-05
0.013892545059708685,0.01351249823346734,492.31890869140625,538.4249267578125,664.0455791961874,654.8109937226161,0.7173970341682434,0.72850501537323,36.233894,43.817245,5e-05
0.01477965614597859,0.016072456918967266,525.0850830078125,454.4185791015625,687.1841547212799,704.9491116385636,0.6973594427108765,0.6853371858596802,37.155178,35.593277,5e-05
0.014866349841307464,0.019743061003585655,510.3472900390625,647.6268920898438,684.1240978433664,793.8064546852715,0.7000486850738525,0.6010125875473022,37.176994,47.27403,5e-05
0.014832494250530827,0.017438275429109733,519.5960693359375,616.770263671875,686.5979081675097,744.6286406659362,0.6978755593299866,0.6489173173904419,36.131268,46.9942,5e-05
0.016110842999327798,0.011206724215298891,532.363525390625,465.6852722167969,717.3160478478088,592.8306039671029,0.6702369451522827,0.7774686813354492,37.16701,38.93719,5e-05
0.015017202621775454,0.013481950853019953,525.759765625,548.0603637695312,692.2490520036846,655.4485105635682,0.69288170337677,0.7279760837554932,37.19399,46.056713,5e-05
0.012871299179848927,0.01323676093791922,496.9720764160156,508.62591552734375,641.5510501900842,646.6400177069155,0.7362191081047058,0.7352383136749268,36.560608,41.461243,5e-05
0.012791164444181425,0.014768610708415508,488.04034423828125,578.80810546875,636.8692467846128,684.1740915147255,0.7400549650192261,0.7036102414131165,36.849396,46.42258,5e-05
0.014411838195318806,0.010741747178447744,522.9869995117188,423.05780029296875,678.7394105987953,579.5162314379123,0.7047519683837891,0.7873520851135254,37.317078,36.56898,2.5e-05
0.013435681992820624,0.010544314670066038,494.3884582519531,457.49041748046875,655.4905367356572,576.6156919907747,0.7246317863464355,0.7894753813743591,34.98485,38.376663,2.5e-05
0.011876396674277454,0.010593276005238295,471.0281982421875,453.47735595703125,616.0424853449639,577.8907228014652,0.756778359413147,0.7885433435440063,33.920532,38.33325,2.5e-05
0.013779755208063228,0.010360211289177338,494.0328063964844,451.1062927246094,662.8902152694668,571.8671994003503,0.7183796167373657,0.7929285168647766,35.543777,38.02172,2.5e-05
0.012581790347808394,0.010824343422427773,484.83935546875,459.78399658203125,634.1036735030007,584.5356597334332,0.7423076629638672,0.7836524844169617,34.089928,39.01327,2.5e-05
0.015865715300856995,0.011718831801166138,530.7825317382812,480.57611083984375,712.7619693838891,608.64806641441,0.6744108200073242,0.7654354572296143,37.11136,41.0036,2.5e-05
0.01521402393499839,0.011169518809765577,509.5988464355469,472.1584777832031,697.6531193938719,593.7328418573458,0.6880679726600647,0.7767907977104187,35.815804,40.82236,2.5e-05
0.01575037401876059,0.010588796809315681,512.0432739257812,462.90789794921875,709.6666470956628,577.5946351032011,0.677232563495636,0.7887599468231201,35.376698,41.191505,2.5e-05
0.014756573508654175,0.010309376753866673,506.5218505859375,456.5549621582031,685.7724659097943,570.0238481853194,0.6986016035079956,0.7942613363265991,34.383785,39.651825,2.5e-05
0.012595532349599847,0.01115070089387397,470.5345153808594,466.6820983886719,631.7217544140775,593.3366192558824,0.7442400455474854,0.7770886421203613,33.8814,39.251606,2.5e-05
0.01298235485265995,0.01117764855735004,496.2710266113281,452.4307861328125,643.4511685046504,594.2942505611172,0.7346543073654175,0.7763684988021851,36.788044,36.224194,2.5e-05
0.01277602921593292,0.010046648443676531,480.9015808105469,425.91015625,637.0146681984646,562.4347739960608,0.7399362325668335,0.799703061580658,33.52129,35.396793,1.25e-05
0.014078198899996692,0.010039831705701848,490.9710693359375,421.3488464355469,669.2849962833471,561.7566755277591,0.7129198908805847,0.8001857995986938,33.83314,35.329704,1.25e-05
0.01158876932258236,0.010602595129360756,456.5019226074219,456.7761535644531,607.746092130587,578.4782299274538,0.7632852792739868,0.7881131768226624,33.353867,38.274742,1.25e-05
0.012026797626809827,0.010582359662900368,469.0137023925781,459.4281921386719,619.7590005397259,578.2159252822427,0.7538348436355591,0.7883052825927734,34.276237,38.02193,1.25e-05
0.013869121397749103,0.010193465161137283,496.5849304199219,427.08331298828125,664.3241396336581,566.3786829498441,0.7171598672866821,0.7968841791152954,33.923256,35.529797,1.25e-05
0.013823788998455837,0.010641620960086584,492.6141052246094,461.3203430175781,662.2128858984851,580.0556546573786,0.7189548015594482,0.7869560122489929,34.124588,38.163536,1.25e-05
0.01190186985607805,0.009755151346325874,472.3048400878906,436.29400634765625,616.6383918067379,554.1264803724868,0.7563076019287109,0.8055769801139832,34.747715,36.93579,1.25e-05
0.010576293980381611,0.010613462111602226,431.203857421875,470.3340759277344,579.0177026654712,579.7922041559373,0.7851355075836182,0.7871494889259338,31.336853,39.13247,1.25e-05
0.012757771118576157,0.010281814572711786,481.543701171875,456.65826416015625,638.1111531308633,569.7841148189374,0.7390402555465698,0.7944343090057373,33.41762,38.67034,1.25e-05
0.013076026121090198,0.009984980337321758,483.0514221191406,447.00921630859375,645.6015605619305,561.6627658123689,0.7328777313232422,0.8002525568008423,34.716682,37.680355,1.25e-05
0.013335758739889696,0.009867047347749272,497.08013916015625,439.7775573730469,651.4180445382212,557.9245300665673,0.7280428409576416,0.8029026389122009,35.436935,37.14389,1.25e-05
0.012594549483137912,0.010067120737706622,475.97137451171875,451.180908203125,635.3627162888928,564.0449339370047,0.7412833571434021,0.7985545992851257,34.01668,38.45088,6.25e-06
0.011800411149281365,0.010383189267789325,450.3043518066406,458.29949951171875,614.4835992522502,573.3436196993911,0.7580077052116394,0.791857898235321,32.21992,38.766342,6.25e-06
0.011012439399251136,0.01023740383485953,447.1459655761719,450.5365905761719,592.6413333543316,569.2294956781491,0.7749055624008179,0.794834315776825,31.721762,38.031796,6.25e-06
0.012737578110255558,0.010575966443866491,481.4111328125,463.4592590332031,637.8927956561353,578.7645516529152,0.7392188310623169,0.787903368473053,34.602943,39.029892,6.25e-06
0.011490082536856162,0.00983091505865256,458.0511169433594,437.06591796875,605.6295794460505,557.2799173216275,0.7649311423301697,0.8033578395843506,34.507397,37.20813,6.25e-06
0.012259794126168407,0.010778539891665181,466.51275634765625,464.5868835449219,623.9525973581647,583.92558922349,0.7504922151565552,0.7841038107872009,32.53952,38.98831,6.25e-06
0.012068502572846824,0.009709041255215803,458.41424560546875,441.82354736328125,620.699680803849,554.0918809186794,0.7530869841575623,0.8056012392044067,33.32505,37.089893,6.25e-06
0.013527833599725673,0.009657089714892209,500.63165283203125,429.79119873046875,656.7946073545367,551.455772251955,0.7235350608825684,0.8074465394020081,35.025604,36.92923,6.25e-06
